agency_subelement_code,opm_name,display_name,first_month,last_month,other_published_names
DJ01,"OFFICES, BOARDS AND DIVISIONS","Offices, Boards and Divisions",2011-10,2026-07,
DJ02,FEDERAL BUREAU OF INVESTIGATION,FBI,2011-10,2026-07,
DJ03,BUREAU OF PRISONS/FEDERAL PRISON SYSTEM,BOP,2011-10,2026-07,
DJ06,DRUG ENFORCEMENT ADMINISTRATION,DEA,2011-10,2026-07,
DJ07,OFFICE OF JUSTICE PROGRAMS,OJP,2011-10,2026-07,
DJ08,U.S. MARSHALS SERVICE,USMS,2011-10,2026-07,
DJ09,EXECUTIVE OFFICE FOR U.S. ATTORNEYS AND THE OFFICES OF THE U.S. ATTORNEYS,EOUSA and USAOs,2011-10,2026-07,
DJ10,OFFICE OF THE INSPECTOR GENERAL,OIG,2011-10,2026-07,
DJ11,U.S. TRUSTEE PROGRAM,U.S. Trustee Program,2011-10,2026-07,
DJ12,EXECUTIVE OFFICE FOR IMMIGRATION REVIEW,EOIR,2011-10,2026-07,
DJ14,COMMUNITY RELATIONS SERVICE,Community Relations Service,2011-10,2026-04,
DJ15,"BUREAU OF ALCOHOL, TOBACCO, FIREARMS AND EXPLOSIVES",ATF,2011-10,2026-07,"BUREAU OF ALCOHOL, TOBACCO, FIREARMS, AND EXPLOSIVES (employment 2011-10 to 2026-04; accessions and separations files to 2026-05)"
