dimension,value,value_order,source_field,rule,lo,hi,codes,has_rate,cubes,decision,note
los,lt1,1,length_of_service_years,range,0,1,,Y,leaving|leaving_series,D-031,under 1 year; lower bound inclusive
los,1_4,2,length_of_service_years,range,1,5,,Y,leaving|leaving_series,D-031,1 to under 5 years
los,5_9,3,length_of_service_years,range,5,10,,Y,leaving|leaving_series,D-031,5 to under 10 years
los,10_19,4,length_of_service_years,range,10,20,,Y,leaving|leaving_series,D-031,10 to under 20 years
los,20_24,5,length_of_service_years,range,20,25,,Y,leaving|leaving_series,D-031,20 to under 25 years
los,25_29,6,length_of_service_years,range,25,30,,Y,leaving|leaving_series,D-031,25 to under 30 years
los,30plus,7,length_of_service_years,range,30,,,Y,leaving|leaving_series,D-031,30 years or more
los,unknown,8,length_of_service_years,unknown,,,,N,leaving|leaving_series,D-031,"NULL, or a value on an active known-data-issue row with treatment unknown (KDI-001); count only, no rate"
age,under25,1,age_bracket,codes,,,LESS THAN 20|20-24,Y,leaving|leaving_series|joining|joining_series,D-031,OPM brackets Less than 20 and 20-24 merged
age,25_29,2,age_bracket,codes,,,25-29,Y,leaving|leaving_series|joining|joining_series,D-031,
age,30_34,3,age_bracket,codes,,,30-34,Y,leaving|leaving_series|joining|joining_series,D-031,
age,35_39,4,age_bracket,codes,,,35-39,Y,leaving|leaving_series|joining|joining_series,D-031,
age,40_44,5,age_bracket,codes,,,40-44,Y,leaving|leaving_series|joining|joining_series,D-031,
age,45_49,6,age_bracket,codes,,,45-49,Y,leaving|leaving_series|joining|joining_series,D-031,
age,50_54,7,age_bracket,codes,,,50-54,Y,leaving|leaving_series|joining|joining_series,D-031,
age,55_59,8,age_bracket,codes,,,55-59,Y,leaving|leaving_series|joining|joining_series,D-031,
age,60_64,9,age_bracket,codes,,,60-64,Y,leaving|leaving_series|joining|joining_series,D-031,
age,65plus,10,age_bracket,codes,,,65 OR MORE,Y,leaving|leaving_series|joining|joining_series,D-031,
age,unknown,11,age_bracket,unknown,,,UNSPECIFIED,N,leaving|leaving_series|joining|joining_series,D-031,"OPM UNSPECIFIED or NULL; count only, no rate (not named in D-031; follows its Unknown rule, pending confirmation)"
supervisory,supervisor,1,supervisory_status_code,codes,,,2|4|5,Y,leaving|leaving_series,D-031,"supervisor or manager: codes 2, 4, 5"
supervisory,other,2,supervisory_status_code,codes,,,6|7|8,Y,leaving|leaving_series,D-031,"all others: codes 6, 7, 8"
supervisory,unknown,3,supervisory_status_code,unknown,,,*,N,leaving|leaving_series,D-031,"OPM code * (INVALID) or NULL; count only, no rate (not named in D-031; follows its Unknown rule, pending confirmation)"
occupation,0905,1,occupational_series_code,codes,,,0905,Y,leaving|joining,D-031,attorney; listed first (D-043)
occupation,1811,2,occupational_series_code,codes,,,1811,Y,leaving|joining,D-031,criminal investigation; listed second (D-043)
occupation,0007,3,occupational_series_code,codes,,,0007,Y,leaving|joining,D-031,correctional officer; listed third (D-043)
occupation,other,4,occupational_series_code,rest,,,,Y,leaving|joining,D-031,every other non-null series; listed last (D-043)
education,hs_or_less,1,education_level_bracket,codes,,,HIGH SCHOOL OR LESS,Y,leaving|leaving_series|joining|joining_series,D-100,high school or less; label pending sign-off with the copy (D-100)
education,some_college,2,education_level_bracket,codes,,,SOME COLLEGE OR ASSOCIATES DEGREE,Y,leaving|leaving_series|joining|joining_series,D-100,some college or associate degree; label pending sign-off with the copy (D-100)
education,bachelors,3,education_level_bracket,codes,,,BACHELORS DEGREE,Y,leaving|leaving_series|joining|joining_series,D-100,bachelor's degree; label pending sign-off with the copy (D-100)
education,masters_prof,4,education_level_bracket,codes,,,MASTERS OR PROFESSIONAL DEGREE,Y,leaving|leaving_series|joining|joining_series,D-100,master's or professional degree; label pending sign-off with the copy (D-100)
education,doctorate,5,education_level_bracket,codes,,,DOCTORATE DEGREE,Y,leaving|leaving_series|joining|joining_series,D-100,doctorate; label pending sign-off with the copy (D-100)
education,unknown,6,education_level_bracket,unknown,,,NO DATA REPORTED,N,leaving|leaving_series|joining|joining_series,D-100,"OPM NO DATA REPORTED or NULL; count only, no rate; label pending sign-off with the copy (D-100)"
veteran,veteran,1,veteran_indicator,codes,,,Y,Y,leaving|leaving_series|joining|joining_series,D-100,veteran_indicator Y; label pending sign-off with the copy (D-100)
veteran,nonveteran,2,veteran_indicator,codes,,,N,Y,leaving|leaving_series|joining|joining_series,D-100,veteran_indicator N; label pending sign-off with the copy (D-100)
veteran,unknown,3,veteran_indicator,unknown_rest,,,,N,leaving|leaving_series|joining|joining_series,D-100,"any other value or NULL (none so far); count only, no rate; label pending sign-off with the copy (D-100)"
grade,gs_1_7,1,pay_plan_code|grade,plan_grade,1,8,GS|GL|GP|GM,Y,leaving|leaving_series|joining|joining_series,D-100,"GS-equivalent plans, grades 1 to 7; label pending sign-off with the copy (D-100)"
grade,gs_8_11,2,pay_plan_code|grade,plan_grade,8,12,GS|GL|GP|GM,Y,leaving|leaving_series|joining|joining_series,D-100,"GS-equivalent plans, grades 8 to 11; label pending sign-off with the copy (D-100)"
grade,gs_12_13,3,pay_plan_code|grade,plan_grade,12,14,GS|GL|GP|GM,Y,leaving|leaving_series|joining|joining_series,D-100,"GS-equivalent plans, grades 12 and 13; label pending sign-off with the copy (D-100)"
grade,gs_14_15,4,pay_plan_code|grade,plan_grade,14,16,GS|GL|GP|GM,Y,leaving|leaving_series|joining|joining_series,D-100,"GS-equivalent plans, grades 14 and 15; label pending sign-off with the copy (D-100)"
grade,senior_exec,5,pay_plan_code|grade,codes,,,ES|SL|EX,Y,leaving|leaving_series|joining|joining_series,D-100,"senior executives: pay plans ES, SL, EX; label pending sign-off with the copy (D-100)"
grade,wage,6,pay_plan_code|grade,prefix,,,W,Y,leaving|leaving_series|joining|joining_series,D-100,federal wage system: pay plans starting W; label pending sign-off with the copy (D-100)
grade,attorney_judge,7,pay_plan_code|grade,rest,,,,Y,leaving|leaving_series|joining|joining_series,D-100,"attorney and judge pay plans: every other plan (AD, IJ, AL, EF; also PD, IG, ED, EG); label pending sign-off with the copy (D-100)"
grade,unknown,8,pay_plan_code|grade,unknown,,,*|,N,leaving|leaving_series|joining|joining_series,D-100,"pay plan NULL, blank or *, or a GS-equivalent plan whose grade fits no band (non-numeric); count only, no rate; label pending sign-off with the copy (D-100)"
prior_service,lt1,1,length_of_service_years,range,0,1,,S,joining|joining_series,D-100,"length of service at hire under 1 year; share of hires with a known value, no rate; label pending sign-off with the copy (D-100)"
prior_service,1_4,2,length_of_service_years,range,1,5,,S,joining|joining_series,D-100,"1 to under 5 years at hire; share, no rate; label pending sign-off with the copy (D-100)"
prior_service,5_9,3,length_of_service_years,range,5,10,,S,joining|joining_series,D-100,"5 to under 10 years at hire; share, no rate; label pending sign-off with the copy (D-100)"
prior_service,10plus,4,length_of_service_years,range,10,,,S,joining|joining_series,D-100,"10 years or more at hire; share, no rate; label pending sign-off with the copy (D-100)"
prior_service,unknown,5,length_of_service_years,unknown,,,,N,joining|joining_series,D-100,"NULL; count only, outside the share; label pending sign-off with the copy (D-100)"
pathways,intern_student,1,pathways_group,codes,,,INTERN|STUDENT TRAINEE,S,joining|joining_series,D-100,"Pathways intern and student trainee together; share, no rate; label pending sign-off with the copy (D-100)"
pathways,recent_grad,2,pathways_group,codes,,,RECENT GRAD,S,joining|joining_series,D-100,"Pathways recent graduate; share, no rate; label pending sign-off with the copy (D-100)"
pathways,pmf,3,pathways_group,codes,,,PMF,S,joining|joining_series,D-100,"Presidential Management Fellow; share, no rate; label pending sign-off with the copy (D-100)"
pathways,other,4,pathways_group,null,,,,S,joining|joining_series,D-100,"pathways_group NULL: all other hires; share, no rate; label pending sign-off with the copy (D-100)"
