code,opm_label,proposed_category,status,counts_in_attrition,display_label,label_status,note
SA,TRANSFER OUT - INDIVIDUAL TRANSFER,transfer_out,decided,Y,Transfer out,signed,"D-015, D-020; own series and in attrition (invariant 5)"
SB,TRANSFER OUT - MASS TRANSFER,transfer_out,decided,Y,Transfer out,signed,"D-015, D-020; own series and in attrition (invariant 5)"
SC,QUIT,quit,decided,Y,Quit,signed,"D-015, D-020; quit rate = SC"
SD,RETIREMENT - VOLUNTARY,retirement,decided,Y,Retirement,signed,"D-015, D-020; retirement = SD + SE + SG"
SE,RETIREMENT - EARLY OUT,retirement,decided,Y,Retirement,signed,"D-015, D-020; retirement = SD + SE + SG"
SG,RETIREMENT - OTHER,retirement,decided,Y,Retirement,signed,"D-015, D-020; retirement = SD + SE + SG"
SH,REDUCTION IN FORCE (RIF),rif,decided,Y,RIF,signed,"D-015, D-018; own series"
SJ,TERMINATION (EXPIRED APPT/OTHER),termination,decided,Y,Termination: expired appointment or other,signed,D-015; own series
SL,OTHER SEPARATION,other,decided,Y,Other,signed,D-015; own series
